{"cameraMode":{"drawMode":0,"name":"Shaded","section":"Shading Mode"},"sceneLighting":true,"audioPlay":false,"sceneViewState":{"m_AlwaysRefresh":false,"showFog":true,"showSkybox":true,"showFlares":true,"showImageEffects":true,"showParticleSystems":true,"showVisualEffectGraphs":true,"m_FxEnabled":true},"in2DMode":false,"pivot":{"x":-2.891995906829834,"y":2.545994997024536,"z":6.682329177856445},"rotation":{"x":0.18708540499210359,"y":0.28768402338027956,"z":-0.054257940500974658,"w":0.9384145736694336},"size":4.802346229553223,"orthographic":false}